<TornadoNight.xyz>
    <rage>
        <aim_enable>0</aim_enable>
        <aim_lag_pred>0</aim_lag_pred>
        <aim_acc_extra_P_lation>0</aim_acc_extra_P_lation>
        <aim_delay_shot>0</aim_delay_shot>
        <aim_posadjust>0</aim_posadjust>
        <aim_aaa>0</aim_aaa>
        <aim_flip180>-1</aim_flip180>
        <aim_bodyaim_fake>0</aim_bodyaim_fake>
        <aim_bodyaim_fakewalk>0</aim_bodyaim_fakewalk>
        <aim_bodyaim_inair>0</aim_bodyaim_inair>
        <aim_BaimIfUnderXHealth>0</aim_BaimIfUnderXHealth>
        <aim_bigbaim>-1</aim_bigbaim>
        <aim_hitbox_Scale>50</aim_hitbox_Scale>
        <aim_multipoint_enable>0</aim_multipoint_enable>
        <hitbox_scale_head>20</hitbox_scale_head>
        <hitbox_scale_body>20</hitbox_scale_body>
        <hitbox_scale_legs>20</hitbox_scale_legs>
        <tgt_hitbox_auto>00000</tgt_hitbox_auto>
        <auto_hitscan_auto>0</auto_hitscan_auto>
        <auto_hitchance>25</auto_hitchance>
        <auto_minimumdamage>25</auto_minimumdamage>
        <tgt_hitbox_pistol>00000</tgt_hitbox_pistol>
        <pistol_hitchance>25</pistol_hitchance>
        <pistol_minimumdamage>25</pistol_minimumdamage>
        <tgt_hitbox_scout>00000</tgt_hitbox_scout>
        <scout_hitchance>25</scout_hitchance>
        <scout_minimumdamage>25</scout_minimumdamage>
        <tgt_hitbox_awp>00000</tgt_hitbox_awp>
        <awp_hitchance>25</awp_hitchance>
        <awp_minimumdamage>25</awp_minimumdamage>
        <tgt_hitbox_smg>00000</tgt_hitbox_smg>
        <smg_hitchance>25</smg_hitchance>
        <smg_minimumdamage>25</smg_minimumdamage>
        <tgt_hitbox_otr>00000</tgt_hitbox_otr>
        <otr_hitchance>25</otr_hitchance>
        <otr_minimumdamage>25</otr_minimumdamage>
    </rage>
    <legit>
        <active>1</active>
        <active>1</active>
        <legitaimbotenable>1</legitaimbotenable>
        <legitaimbotaimkey>1</legitaimbotaimkey>
        <aimbotsmokecheck>1</aimbotsmokecheck>
        <legitbacktrack>1</legitbacktrack>
        <legitbacktrackticks>12</legitbacktrackticks>
        <standalonercs>0</standalonercs>
        <standalonercsamount>0</standalonercsamount>
        <visualizefov>0</visualizefov>
        <active>1</active>
        <riflehitbox>4</riflehitbox>
        <riflespeed>5</riflespeed>
        <riflefov>5</riflefov>
        <riflercs>2</riflercs>
        <riflerandomize>0</riflerandomize>
        <pistolhitbox>4</pistolhitbox>
        <pistolspeed>5</pistolspeed>
        <pistolfov>5</pistolfov>
        <pistolpsilent>0</pistolpsilent>
        <sniperhitbox>0</sniperhitbox>
        <sniperspeed>5</sniperspeed>
        <sniperfov>5</sniperfov>
        <sniperpsilent>0</sniperpsilent>
        <mphitbox>4</mphitbox>
        <mpspeed>5</mpspeed>
        <mpfov>5</mpfov>
        <mprcs>2</mprcs>
        <mprandomize>0</mprandomize>
    </legit>
    <visuals>
        <visuals_active>1</visuals_active>
        <visuals_active>1</visuals_active>
        <opt_box>0</opt_box>
        <opt_name>0</opt_name>
        <opt_hp>0</opt_hp>
        <otr_armor>0</otr_armor>
        <opt_info>1</opt_info>
        <opt_bone>0</opt_bone>
        <weapons>1</weapons>
        <ammo>1</ammo>
        <opt_glowz>60.416668</opt_glowz>
        <opt_team_glow>0</opt_team_glow>
        <opt_glowz_lcl>0</opt_glowz_lcl>
        <ftr_all>0</ftr_all>
        <ftr_players>1</ftr_players>
        <ftr_enemyonly>0</ftr_enemyonly>
        <ftr_weaps>1</ftr_weaps>
        <ftr_nades>1</ftr_nades>
        <ftr_c4>0</ftr_c4>
        <deadesp>0</deadesp>
        <ftr_optimize>0</ftr_optimize>
        <otr_noscope>0</otr_noscope>
        <otr_remv_zoom>0</otr_remv_zoom>
        <otr_noflash>0</otr_noflash>
        <otr_flash_alpha>10</otr_flash_alpha>
        <otr_nosmoke>0</otr_nosmoke>
        <otr_visrecoil>0</otr_visrecoil>
        <otr_viewfov>80</otr_viewfov>
        <otr_fov>0</otr_fov>
        <otr_override_viewmodel_noneset>0</otr_override_viewmodel_noneset>
        <otr_noneset_x>2.5</otr_noneset_x>
        <otr_noneset_Y>2</otr_noneset_Y>
        <otr_noneset_z>-2</otr_noneset_z>
        <aspectratio>0</aspectratio>
        <aspectratiovalue>50</aspectratiovalue>
        <leftknife>0</leftknife>
        <manualaa>0</manualaa>
        <eventlog>0</eventlog>
        <OffscreenESP>0</OffscreenESP>
        <DamageIndicator>1</DamageIndicator>
        <otr_spectator>0</otr_spectator>
        <cheatinfox>0</cheatinfox>
        <otr_reveal__rank>1</otr_reveal__rank>
        <otr_hitmarker>0</otr_hitmarker>
        <otr_watermark>1</otr_watermark>
        <misczoom>0</misczoom>
        <misczoomkey>-1</misczoomkey>
        <SniperCrosshair>1</SniperCrosshair>
        <v_spreadcrosshair>0</v_spreadcrosshair>
        <otr_autowallcross>0</otr_autowallcross>
        <OtherRecoilCrosshair>0</OtherRecoilCrosshair>
        <chams_en_vis>0</chams_en_vis>
        <chams_en_novis>0</chams_en_novis>
        <ChamsTeamVis>0</ChamsTeamVis>
        <chams_local_hand>0</chams_local_hand>
        <chams_local_weapon>0</chams_local_weapon>
        <esp_localscopedmat>0</esp_localscopedmat>
        <otr_fakelag_ghost>0</otr_fakelag_ghost>
        <otr_visiblechams_type>0</otr_visiblechams_type>
        <otr_invisiblechams_type>0</otr_invisiblechams_type>
        <esp_teamblend>75</esp_teamblend>
        <esp_transparency>20</esp_transparency>
        <esp_blendinvis>75</esp_blendinvis>
        <esp_hand_transparency>20</esp_hand_transparency>
        <esp_gun_transparency>20</esp_gun_transparency>
        <otr_night>0</otr_night>
        <otr_skycustom>0</otr_skycustom>
        <night_amm>20</night_amm>
        <otr_asusprops>95</otr_asusprops>
    </visuals>
    <misc>
        <otr_safemode>0</otr_safemode>
        <misc_dangerzone>0</misc_dangerzone>
        <hitmarker_sound>8</hitmarker_sound>
        <aa_1thirpbind>0</aa_1thirpbind>
        <aa_thirpbind>-1</aa_thirpbind>
        <buybot_primary>0</buybot_primary>
        <buybot_secondary>0</buybot_secondary>
        <buybot_other>0000000</buybot_other>
        <misc_killsay>00</misc_killsay>
        <misc_chatspam>0</misc_chatspam>
        <misc_fakeping>0</misc_fakeping>
        <misc_fakepingvalue>0</misc_fakepingvalue>
        <misc_fakevote>0</misc_fakevote>
        <misc_namechangerrrr>0</misc_namechangerrrr>
        <misc_clantg>0</misc_clantg>
        <otr_autojump>0</otr_autojump>
        <otr_strafe>0</otr_strafe>
        <misc_autojump_type>0</misc_autojump_type>
        <misc_legitbhop>1</misc_legitbhop>
        <misc_lbhophitchance>100</misc_lbhophitchance>
        <misc_legitbhopminhit>0</misc_legitbhopminhit>
        <misc_legitbhopmaxhit>0</misc_legitbhopmaxhit>
        <misc_velocity>1</misc_velocity>
        <aa_enable>0</aa_enable>
        <aa_x>0</aa_x>
        <aa_y>0</aa_y>
        <v_desync_aa_stand>0</v_desync_aa_stand>
        <aa_y2>0</aa_y2>
        <v_desync_aa_move>0</v_desync_aa_move>
        <aa_y3>0</aa_y3>
        <pitch_up>0</pitch_up>
        <disable_on_dormant>0</disable_on_dormant>
        <minimal_walk>-1</minimal_walk>
        <freestanding_range>35</freestanding_range>
        <infinteduck>0</infinteduck>
        <fakelag_stand_val>1</fakelag_stand_val>
        <fakelag_move_val>1</fakelag_move_val>
        <fakelag_jump_val>1</fakelag_jump_val>
        <fakelag_spike>0</fakelag_spike>
        <fakelag_onkey>-1</fakelag_onkey>
        <fakelag_breaklc>0</fakelag_breaklc>
        <otr_meh>0</otr_meh>
        <b_antilby2>90</b_antilby2>
        <b_antilby>-90</b_antilby>
        <otr_keybasedleft>-1</otr_keybasedleft>
        <otr_keybasedright>-1</otr_keybasedright>
        <otr_keybasedback>-1</otr_keybasedback>
        <otr_manualfrontk>-1</otr_manualfrontk>
        <fakewalk_key>-1</fakewalk_key>
        <fakewalk_speed>40</fakewalk_speed>
        <b_randlbyr>60</b_randlbyr>
        <fake_crouch>0</fake_crouch>
        <fake_crouch_key>-1</fake_crouch_key>
        <acc_quickstop>0</acc_quickstop>
        <desync_type_stand>0</desync_type_stand>
        <desync_range_standing>40</desync_range_standing>
        <desync_type_moveing>0</desync_type_moveing>
        <desync_range_move>40</desync_range_move>
        <desync_twist_onshot>0</desync_twist_onshot>
    </misc>
    <colors>
        <player_espname_color>66 188 176 255</player_espname_color>
        <player_espbox_color>255 255 255 255</player_espbox_color>
        <player_skeleton_color>255 255 255 255</player_skeleton_color>
        <player_skeletonteam_color>255 255 255 255</player_skeletonteam_color>
        <player_glowenemy_color>72 183 154 255</player_glowenemy_color>
        <player_glowteam_color>255 255 255 255</player_glowteam_color>
        <player_glowother_color>255 255 255 255</player_glowother_color>
        <player_glowlocal_color>255 255 255 255</player_glowlocal_color>
        <player_weapons_color>57 197 179 255</player_weapons_color>
        <player_weapons_color_team>255 255 255 255</player_weapons_color_team>
        <player_ammo_color>255 255 255 255</player_ammo_color>
        <player_chamslocal_color>255 255 255 255</player_chamslocal_color>
        <player_chamsEVIS_color>255 255 255 255</player_chamsEVIS_color>
        <player_chamsENVIS_color>255 255 255 255</player_chamsENVIS_color>
        <player_ChamsTeamVis>255 255 255 255</player_ChamsTeamVis>
        <scope_c>255 255 255 255</scope_c>
        <misc_lagcomp>250 250 250 255</misc_lagcomp>
        <misc_lagcompBones>250 250 250 255</misc_lagcompBones>
        <weapon_spreadcross_col>255 255 255 255</weapon_spreadcross_col>
        <handchams_col>255 255 255 255</handchams_col>
        <gunchams_col>255 255 255 255</gunchams_col>
        <bomb_timer>250 10 90 230</bomb_timer>
        <owo_slider>0</owo_slider>
    </colors>
    <skins>
        <t_knife_index>0</t_knife_index>
        <t_knife_seed>1</t_knife_seed>
        <t_knife_skin>0</t_knife_skin>
        <forceupdate>0</forceupdate>
    </skins>
</TornadoNight.xyz>
